Player,Team,Position,Avg. 3-Pointers Att.,Avg. 3-Pointers Made,Avg. Assists,Avg. Blocks,Avg. Field Goals Att.,Avg. Field Goals Made,Avg. Free Throws Att.,Avg. Free Throws Made,Avg. Minutes,Avg. Personal Fouls,Avg. Points,Avg. Offensive Rebounds,Avg. Steals,Avg. Total Rebounds,Avg. Turnovers,Games Played
Al-farouq Aminu,POR,Small Forward,4.3,1.5,1.7,0.6,8.8,3.6,1.9,1.4,28.6,2.1,10.2,1.2,0.9,6.1,1.5,82
Will Barton,DEN,Shooting Guard,4,1.4,2.5,0.5,12,5.2,3.3,2.6,28.7,1.8,14.4,0.7,0.9,5.8,1.7,82
Bismack Biyombo,TOR,Power Forward,0,0,0.4,1.6,3.5,1.9,2.8,1.7,22.1,2.7,5.5,2.2,0.2,8,0.9,82
Corey Brewer,HOU,Shooting Guard,2.7,0.7,1.3,0.2,6.7,2.6,1.7,1.3,20.4,2,7.2,0.5,1,2.4,1,82
Gorgui Dieng,MIN,Center,0.2,0.1,1.7,1.2,7,3.8,3,2.5,27.1,2.7,10.1,1.9,1.1,7.1,1.7,82
Langsto Galloway,NYK,Point Guard,2.7,0.9,2.5,0.3,7.2,2.8,1.4,1,24.8,2.2,7.6,0.5,0.9,3.5,0.7,82
James Harden,HOU,Shooting Guard,8,2.9,7.5,0.6,19.7,8.7,10.2,8.8,38.1,2.8,29,0.8,1.7,6.1,4.6,82
Al Horford,ATL,Power Forward,3.1,1.1,3.2,1.5,12.8,6.5,1.6,1.3,32.2,2,15.2,1.8,0.8,7.3,1.3,82
Enes Kanter,OKL,Center,0.3,0.1,0.4,0.4,8.8,5.1,3.1,2.4,21,2,12.7,3,0.3,8.1,1.4,82
Zach Lavine,MIN,Point Guard,3.9,1.5,3.1,0.2,11.7,5.3,2.5,2,28,2.4,14,0.3,0.8,2.8,1.9,82
Robin Lopez,NYK,Center,0,0,1.4,1.6,8.1,4.4,2,1.6,27,2.2,10.3,3.3,0.2,7.3,1.6,82
Shabazz Muhammad,MIN,Small Forward,1.9,0.5,0.6,0.1,8.3,3.9,3,2.3,20.5,1.1,10.5,1.2,0.3,3.3,0.9,82
Mason Plumlee,POR,Power Forward,0,0,2.8,1,6.3,3.3,4.1,2.6,25.5,3.1,9.1,2.5,0.8,7.7,1.9,82
Ramon Sessions,WAS,Point Guard,1.4,0.4,2.9,0.1,7.2,3.4,3.5,2.6,20.3,1.2,9.9,0.3,0.6,2.5,1.4,82
Isaiah Thomas,BOS,Point Guard,5.7,2,6.2,0.1,16.9,7.2,6.6,5.8,32.3,2,22.2,0.6,1.1,3,2.7,82
Tristan Thompson,CLE,Center,0,0,0.8,0.6,5.1,3,3,1.8,27.7,2.5,7.8,3.3,0.5,9,0.7,82
Karl-Anthony Towns,MIN,Center,1.1,0.4,2,1.7,14,7.6,3.4,2.7,32,3,18.3,2.8,0.7,10.4,2.2,82
P.J. Tucker,PHO,Small Forward,2.5,0.8,2.2,0.2,7.1,2.9,1.7,1.3,31,2.5,8,2,1.3,6.2,1.4,82
Trevor Ariza,HOU,Small Forward,6.1,2.3,2.3,0.3,10.6,4.4,2,1.6,35.3,2.2,12.7,0.8,2,4.5,1.4,81
Aron Baynes,DET,Power Forward,0,0,0.6,0.6,4.7,2.4,2,1.6,15.3,1.9,6.3,1.7,0.3,4.7,0.8,81
Allen Crabbe,POR,Small Forward,3.5,1.4,1.2,0.2,8.4,3.9,1.4,1.2,26.1,2.4,10.3,0.3,0.8,2.7,0.8,81
Ed Davis,POR,Power Forward,0,0,1.1,0.9,4.2,2.5,2.5,1.4,20.8,2.5,6.5,2.8,0.7,7.4,0.8,81
Andre Drummond,DET,Center,0.1,0,0.8,1.4,13.1,6.8,7.2,2.6,32.9,3,16.2,4.9,1.5,14.8,1.9,81
Jared Dudley,WAS,Shooting Guard,3,1.2,2.1,0.2,6,2.9,1.2,0.9,25.9,2.3,7.9,0.7,0.9,3.5,1,81
Monta Ellis,IND,Point Guard,3.5,1.1,4.7,0.5,12.6,5.4,2.5,2,33.7,2.1,13.8,0.5,1.8,3.4,2.5,81
Randy Foye,OKC,Shooting Guard,3.1,0.9,2,0.4,5.9,2.1,0.9,0.8,20.2,1.6,5.8,0.3,0.5,1.9,1.1,81
Paul George,IND,Small Forward,7,2.6,4.1,0.4,17.9,7.5,6.5,5.6,34.9,2.8,23.1,1,1.9,7,3.3,81
Draymond Green,GSW,Small Forward,3.2,1.2,7.4,1.4,10.1,5,4.1,2.8,34.7,3,14,1.6,1.5,9.4,3.2,81
Roy Hibbert,LAL,Center,0,0,1.2,1.4,5.1,2.2,1.8,1.4,23.2,3.1,5.9,1.6,0.4,4.9,0.9,81
Joe Ingles,UTA,Small Forward,2.6,1,1.2,0,3.6,1.5,0.2,0.2,15.3,1.2,4.2,0.2,0.7,1.9,0.8,81
Joe Johnson,MIA,Small Forward,3.9,1.5,3.9,0,10.6,4.7,1.8,1.5,33.4,1.8,12.2,0.6,0.8,3.6,2,81
Frank Kaminsky,CHA,Power Forward,2.5,0.8,1.2,0.5,6.5,2.7,1.8,1.3,21.1,1.6,7.5,0.9,0.5,4.1,0.7,81
T.J. McConnell,PHI,Point Guard,1.1,0.4,4.5,0.1,5.7,2.7,0.5,0.3,19.9,1.4,6.1,0.5,1.2,3.1,1.7,81
Doug McDermott,CHI,Small Forward,3.2,1.4,0.7,0.1,8,3.6,1,0.9,23,1.6,9.4,0.5,0.2,2.4,0.6,81
Patty Mills,SAN,Point Guard,4,1.5,2.8,0.1,7.6,3.2,0.7,0.6,20.5,1.3,8.5,0.3,0.7,2,0.9,81
Paul Millsap,ATL,Power Forward,2.9,0.9,3.3,1.7,13.2,6.2,5,3.8,32.6,2.9,17.1,2.4,1.8,9,2.4,81
Raul Neto,UTA,Point Guard,2,0.8,2.1,0,5.2,2.2,0.9,0.6,18.5,1.5,5.9,0.2,0.8,1.5,1.3,81
Julius Randle,LAL,Power Forward,0.4,0.1,1.8,0.4,10.3,4.4,3.3,2.4,28.2,3,11.3,2.1,0.7,10.2,1.8,81
Jared Sullinger,BOS,Power Forward,1.3,0.4,2.3,0.6,10,4.3,2,1.3,23.7,2.6,10.3,2.4,0.9,8.3,1.3,81
Evan Turner,BOS,Shooting Guard,1,0.2,4.4,0.3,9.3,4.2,2.2,1.8,28,1.7,10.5,0.6,1,4.9,2.1,81
Kemba Walker,CHA,Point Guard,6,2.2,5.2,0.5,16.4,7,5.4,4.6,35.6,1.4,20.9,0.7,1.6,4.4,2.1,81
Andrew Wiggins,MIN,Small Forward,2.3,0.7,2,0.6,16,7.3,7,5.3,35.1,2,20.7,1.3,1,3.6,2.2,81
Marvin Williams,CHA,Power Forward,4.7,1.9,1.4,1,9.2,4.2,1.8,1.5,28.9,1.6,11.7,1.6,0.7,6.4,0.8,81
Steven Adams,OKL,Center,0,0,0.8,1.1,5.3,3.3,2.5,1.4,25.2,2.8,8,2.7,0.5,6.6,1.1,80
Gi Antetokounmpo,MIL,Small Forward,1.4,0.3,4.3,1.4,12.7,6.4,5.1,3.7,35.3,3.2,16.9,1.4,1.2,7.7,2.6,80
Dante Cunningham,NOR,Power Forward,2.2,0.7,1,0.4,5.2,2.3,1,0.7,24.7,2.2,6,0.7,0.5,3,0.5,80
Raymond Felton,DAL,Point Guard,2.7,0.8,3.5,0.2,8.5,3.5,2.2,1.9,27.4,1.8,9.5,0.5,0.8,3.2,1.5,80
Jeff Green,LAC,Small Forward,2.7,0.8,1.7,0.5,10.3,4.4,2.8,2,28.2,2,11.7,0.9,0.7,4.2,1.2,80
Gordon Hayward,UTA,Shooting Guard,5.1,1.8,3.7,0.3,15,6.5,6,4.9,36.1,2.3,19.7,0.8,1.2,5,2.5,80
Wesley Johnson,LAC,Shooting Guard,3.9,1.3,0.6,0.7,6.4,2.6,0.6,0.4,20.8,2.2,6.9,0.5,1.1,3.1,0.7,80
Nikola Jokic,DEN,Center,1.1,0.3,2.4,0.6,7.5,3.8,2.4,1.9,21.7,2.6,9.9,2.3,1,7,1.3,80
Cory Joseph,TOR,Point Guard,1.4,0.4,3.1,0.2,7.3,3.2,2.2,1.7,25.7,1.6,8.5,0.5,0.8,2.6,1.3,80
Kyle Korver,ATL,Shooting Guard,5,2,2.1,0.4,7.7,3.4,0.7,0.6,30.1,2,9.2,0.2,0.8,3.2,1.2,80
Trey Lyles,UTA,Power Forward,1.6,0.6,0.8,0.2,5.5,2.4,1,0.7,17.3,1.4,6.1,0.7,0.3,3.7,0.8,80
C.J. McCollum,POR,Shooting Guard,5.9,2.5,4.3,0.3,17.9,8,2.8,2.3,34.7,2.3,20.8,0.6,1.2,3.2,2.5,80
Marcus Morris,DET,Small Forward,3.7,1.4,2.5,0.3,11.8,5.1,3.4,2.5,35.6,2.1,14.1,1.1,0.8,5,1.8,80
D'angelo Russell,LAL,Point Guard,4.6,1.6,3.3,0.2,11.9,4.9,2.4,1.8,28.2,1.8,13.2,0.6,1.2,3.4,2.5,80
Dennis Schroder,ATL,Point Guard,3,1,4.4,0.1,9.8,4.1,2.3,1.8,20.2,1.7,11,0.3,0.9,2.6,2.3,80
Garrett Temple,WAS,Shooting Guard,3.2,1.1,1.8,0.2,6.3,2.5,1.6,1.1,24.4,2.4,7.3,0.5,0.9,2.6,0.8,80
Klay Thompson,GSW,Shooting Guard,8.1,3.5,2.1,0.6,17.3,8.1,2.8,2.4,33.3,1.9,22.1,0.4,0.8,3.8,1.7,80
Russel Westbrook,OKL,Point Guard,4.3,1.3,10.4,0.2,18.1,8.2,7.2,5.8,34.4,2.5,23.5,1.8,2,7.8,4.3,80
Derrick Williams,NYK,Power Forward,1.9,0.6,0.9,0.1,7.1,3.2,3.2,2.4,18,0.9,9.3,0.6,0.4,3.7,0.8,80
Lavoy Allen,IND,Power Forward,0,0,1,0.5,4.7,2.4,0.9,0.6,20.3,1.9,5.4,2.1,0.3,5.4,0.9,79
Bojan Bogdanovic,BRO,Shooting Guard,4.3,1.6,1.3,0.1,9.5,4.1,1.7,1.4,26.8,1.5,11.2,0.5,0.4,3.2,1.5,79
Trevor Booker,UTA,Power Forward,0.5,0.2,1.1,0.5,4.9,2.4,1.3,0.9,20.7,2.1,5.9,2.1,0.7,5.7,1,79
Jordan Clarkson,LAL,Point Guard,4,1.4,2.4,0.1,13.9,6,2.6,2.1,32.4,2.1,15.5,1.2,1.1,4,1.7,79
Jamal Crawford,LAC,Shooting Guard,4.4,1.5,2.3,0.2,11.9,4.8,3.4,3.1,26.9,1.5,14.2,0.3,0.7,1.8,1.4,79
Stephen Curry,GSW,Point Guard,11.2,5.1,6.7,0.2,20.2,10.2,5.1,4.6,34.2,2,30.1,0.9,2.1,5.4,3.3,79
Evan Fournier,ORL,Small Forward,4.9,2,2.7,0,11.8,5.4,3,2.5,32.5,2.7,15.4,0.4,1.2,2.8,1.7,79
Danny Green,SAN,Shooting Guard,4.4,1.5,1.8,0.8,7.1,2.7,0.6,0.4,26.1,1.8,7.2,0.6,1,3.8,0.9,79
Mario Hezonja,ORL,Small Forward,2.4,0.8,1.4,0.2,5.3,2.3,0.7,0.6,17.9,1.6,6.1,0.4,0.5,2.2,1.2,79
Rodney Hood,UTA,Shooting Guard,5.7,2,2.7,0.2,12.3,5.2,2.5,2.2,32.2,2.6,14.5,0.5,0.9,3.4,1.6,79
Reggie Jackson,DET,Point Guard,4.2,1.5,6.2,0.1,15.7,6.8,4.3,3.7,30.7,2.4,18.8,0.7,0.7,3.2,2.8,79
Amir Johnson,BOS,Power Forward,0.5,0.1,1.7,1.1,5.4,3.2,1.5,0.9,22.8,2.7,7.3,2.3,0.7,6.4,1.2,79
Courtney Lee,NOR,Shooting Guard,2.7,1,1.7,0.4,8.1,3.7,1.5,1.3,29.6,1.7,9.6,0.4,1.1,2.6,0.9,79
Khris Middleton,MIL,Small Forward,4.6,1.8,4.2,0.2,14.5,6.4,3.9,3.5,36.1,2.6,18.2,0.6,1.7,3.8,2.3,79
Greg Monroe,MIL,Center,0,0,2.3,0.8,11.9,6.2,3.9,2.9,29.3,2.1,15.3,2.8,0.9,8.8,1.6,79
Patric Patterson,TOR,Power Forward,3.7,1.3,1.2,0.4,6.2,2.6,0.4,0.4,25.5,1.6,6.9,1,0.7,4.3,0.8,79
Jeff Teague,ATL,Point Guard,3.5,1.4,5.9,0.3,12.5,5.5,3.9,3.3,28.5,2.1,15.7,0.4,1.2,2.7,2.8,79
Mirza Teletovic,PHO,Power Forward,5.8,2.3,1.1,0.3,9.8,4.2,2,1.5,21.3,2,12.2,0.7,0.4,3.8,1.1,79
Kyle Anderson,SAN,Small Forward,0.5,0.2,1.6,0.4,3.8,1.8,1.1,0.8,16,1.2,4.5,0.3,0.8,3.1,0.8,78
Demar Derozan,TOR,Shooting Guard,1.8,0.6,4,0.3,17.7,7.9,8.4,7.1,35.9,2.1,23.5,0.8,1.1,4.5,2.2,78
Aaron Gordon,ORL,Power Forward,1.8,0.5,1.6,0.7,7.4,3.5,2.5,1.7,23.9,2,9.2,2,0.8,6.5,0.8,78
Jamychal Green,MEM,Power Forward,0.6,0.2,0.9,0.4,6.3,2.9,1.8,1.3,18.5,2.4,7.4,1.8,0.6,4.8,1.1,78
Maurice Harkless,POR,Small Forward,1.8,0.5,0.9,0.4,5.3,2.5,1.4,0.9,18.6,1.6,6.4,1.3,0.6,3.6,0.8,78
Serge Ibaka,OKL,Power Forward,2.4,0.8,0.8,1.9,11.1,5.3,1.6,1.2,32.1,2.7,12.6,1.8,0.5,6.8,1.4,78
Jonas Jerebko,BOS,Power Forward,1.4,0.6,0.8,0.3,3.7,1.5,1,0.8,15.1,1.8,4.4,1,0.3,3.7,0.7,78
Kosta Koufos,SAC,Center,0,0,0.4,0.9,5.7,3,1.3,0.7,19.1,2.4,6.8,2.2,0.5,5.4,0.6,78
Shane Larkin,BRO,Point Guard,1.4,0.5,4.4,0.2,6.5,2.8,1.4,1.1,22.5,1.6,7.3,0.4,1.2,2.3,1.9,78
Alex Len,PHO,Center,0.1,0,1.2,0.8,8,3.4,3.1,2.2,23.3,2.9,9,2.3,0.5,7.6,1.9,78
Jeremy Lin,CHA,Point Guard,2.9,1,3,0.5,9.3,3.8,3.7,3.1,26.2,2.1,11.7,0.5,0.8,3.2,1.9,78
Shaun Livingston,GSW,Point Guard,0.2,0,3.1,0.3,4.9,2.6,1.2,1,19.4,1.8,6.3,0.5,0.7,2.2,1,78
Wesley Matthews,DAL,Shooting Guard,6.7,2.4,1.9,0.2,10.9,4.2,1.9,1.6,33.9,2.3,12.5,0.3,1,3.1,1,78
Noah Vonleh,POR,Power Forward,0.6,0.1,0.4,0.3,3.6,1.5,0.7,0.5,15,1.9,3.6,1.2,0.3,3.9,0.6,78
Dion Waiters,OKL,Shooting Guard,3.1,1.1,2,0.2,9,3.6,2,1.4,27.7,1.8,9.8,0.5,1,2.6,1.5,78
David West,SAN,Power Forward,0.1,0,1.8,0.7,5.7,3.1,1,0.8,18.1,1.8,7.1,0.9,0.6,4,0.9,78
Justise Winslow,MIA,Small Forward,1.5,0.4,1.5,0.3,5.9,2.5,1.5,1,28.7,2.4,6.5,1,0.9,5.2,1.2,78
Isaiah Canaan,PHI,Point Guard,6.3,2.3,1.8,0.2,9.4,3.4,2.3,1.9,25.6,1.7,11,0.3,0.7,2.3,1.2,77
Clint Capela,HOU,Center,0,0,0.6,1.2,5.2,3,2.7,1,19.1,2.5,7,2.5,0.8,6.4,0.8,77
Jerami Grant,PHI,Small Forward,1.9,0.5,1.7,1.6,7.8,3.3,4.2,2.8,26.9,2.8,9.7,1.3,0.7,4.7,1.4,77
Deandre Jordan,LAC,Center,0,0,1.2,2.3,6.6,4.6,8,3.5,33.8,2.7,12.7,3.5,0.7,13.8,1.4,77
Kevin Love,CLE,Power Forward,5.7,2.1,2.4,0.5,12.7,5.3,4.1,3.4,31.5,2.1,16,1.9,0.8,9.9,1.8,77
Kyle Lowry,TOR,Point Guard,7.1,2.8,6.4,0.4,15.6,6.6,6.4,5.2,37.1,2.7,21.2,0.7,2.1,4.7,2.9,77
Tayshaun Prince,MIN,Small Forward,0.3,0.1,0.9,0.2,3,1.3,0.2,0.2,19,0.8,2.9,0.4,0.5,1.9,0.4,77
Ish Smith,PHI,Point Guard,2.2,0.7,6.5,0.3,12.6,5.2,2.3,1.6,29.1,1.7,12.6,0.6,1.1,4,2.3,77
J.R. Smith,CLE,Shooting Guard,6.6,2.6,1.7,0.3,11,4.6,0.9,0.6,30.7,2.6,12.4,0.6,1.1,2.8,0.8,77
Hollis Thompson,PHI,Shooting Guard,5.1,1.9,1.3,0.3,8.8,3.5,1.2,0.9,28,2.4,9.8,0.7,0.5,3.6,1,77
John Wall,WAS,Point Guard,4.2,1.5,10.3,0.8,17.5,7.4,4.5,3.5,36.1,2.1,19.9,0.5,1.9,4.9,4.1,77
Matt Barnes,MEM,Small Forward,4.9,1.6,2.1,0.8,9.1,3.5,1.8,1.5,28.8,3.1,10,1.1,1,5.5,1.6,76
Devin Booker,PHO,Shooting Guard,3.8,1.3,2.6,0.3,11.4,4.8,3.4,2.8,27.8,3,13.8,0.4,0.6,2.5,2.1,76
Avery Bradley,BOS,Point Guard,5.3,1.9,2.1,0.2,13.4,6,1.6,1.3,33.4,2.2,15.2,0.6,1.5,2.9,1.4,76
Ke Caldwell-Pope,DET,Shooting Guard,4.8,1.5,1.8,0.2,12.6,5.3,3,2.4,36.7,2.2,14.5,0.9,1.4,3.7,1.4,76
Matt Dellavedova,CLE,Point Guard,3.1,1.3,4.4,0.1,6.7,2.7,0.9,0.8,24.6,2.3,7.5,0.4,0.6,2.1,1.5,76
Boris Diaw,SAN,Center,0.9,0.3,2.3,0.3,5,2.7,1,0.7,18.2,1.3,6.4,0.8,0.3,3.1,1.3,76
Wayne Ellington,BRO,Shooting Guard,3.5,1.3,1.1,0.1,7.4,2.9,0.8,0.7,21.2,1.1,7.7,0.3,0.6,2.3,0.6,76
Jerian Grant,NYK,Point Guard,1.3,0.3,2.3,0.1,5,1.9,1.6,1.2,16.3,1.2,5.4,0.3,0.6,1.8,1.1,76
Gary Harris,DEN,Shooting Guard,3.9,1.4,1.9,0.2,10.1,4.7,1.8,1.4,32.1,1.9,12.3,0.7,1.3,2.9,1.3,76
Tobias Harris,DET,Small Forward,3.1,1.1,2.2,0.5,11.7,5.5,3.2,2.7,33.1,2,14.7,1.3,0.9,6.7,1.4,76
Lebron James,CLE,Small Forward,3.7,1.1,6.7,0.6,18.6,9.7,6.5,4.7,35.7,1.9,25.3,1.5,1.4,7.4,3.3,76
Timofey Mozgov,CLE,Center,0.1,0,0.4,0.8,4.7,2.7,1.2,0.9,17.5,2.1,6.2,1.4,0.3,4.4,0.9,76
Zaza Pachulia,DAL,Center,0,0,1.7,0.3,6.2,2.9,3.6,2.8,26.4,2.4,8.6,3.3,0.8,9.4,1.6,76
Jabari Parker,MIL,Small Forward,0.5,0.1,1.7,0.4,11.8,5.8,3,2.3,31.7,2,14.1,1.6,0.9,5.2,1.5,76
Ricky Rubio,MIN,Point Guard,2.5,0.8,8.6,0.1,7.7,2.9,4.1,3.5,30.6,2.6,10.1,0.5,2.1,4.3,2.6,76
Luis Scola,TOR,Power Forward,2.1,0.9,0.9,0.4,7.9,3.5,1.1,0.8,21.5,2.3,8.7,1.1,0.6,4.7,0.9,76
Jason Smith,ORL,Power Forward,0.2,0.1,0.8,0.9,6.6,3.2,0.9,0.7,15.5,2.1,7.2,0.7,0.4,2.9,0.8,76
Kent Bazemore,ATL,Shooting Guard,4.1,1.5,2.3,0.5,9.7,4.3,2,1.6,27.7,2.3,11.6,0.4,1.3,5,1.8,75
Marcin Gortat,WAS,Center,0,0,1.4,1.3,10.2,5.8,2.8,1.9,30.1,2.6,13.5,2.9,0.6,9.9,1.6,75
Damian Lillard,POR,Point Guard,8.1,3.1,6.8,0.4,19.7,8.2,6.2,5.5,35.6,2.2,25.1,0.6,0.9,4,3.2,75
Luc Mbah_a_moute,LAC,Small Forward,0.5,0.2,0.4,0.3,2.8,1.3,0.8,0.4,17,1.3,3.1,0.8,0.6,2.3,0.5,75
Dirk Nowitzki,DAL,Power Forward,4.6,1.7,1.8,0.7,14.8,6.6,3.7,3.3,31.5,2.1,18.3,0.7,0.7,6.5,1.1,75
Otto Porter,WAS,Small Forward,3.6,1.3,1.6,0.4,9.6,4.5,1.7,1.3,30.3,2.2,11.6,1.3,1.4,5.2,0.9,75
J.J. Redick,LAC,Shooting Guard,5.6,2.7,1.4,0.1,11.7,5.6,2.7,2.4,28,1.8,16.3,0.1,0.6,1.9,1.1,75
Mike Scott,ATL,Power Forward,2.1,0.8,1,0.2,5,2.3,0.8,0.7,15.4,1.4,6.2,0.7,0.3,2.7,0.6,75
Thabo Sefolosha,ATL,Shooting Guard,1.7,0.6,1.4,0.5,5,2.5,1.3,0.8,23.3,1.5,6.4,0.7,1.1,4.4,0.9,75
Lamarcu Aldridge,SAN,Power Forward,0.2,0,1.5,1.1,14.1,7.2,4.1,3.5,30.5,2,18,2.4,0.5,8.5,1.3,74
J.J. Barea,DAL,Point Guard,3.5,1.4,4.1,0,9.6,4.3,1.3,1,22.5,1.5,10.9,0.4,0.4,2.1,1.5,74
Darren Collison,SAC,Point Guard,2.9,1.2,4.3,0.1,10.5,5.1,3.1,2.6,29.9,1.9,14,0.4,1,2.3,1.7,74
Luol Deng,MIA,Small Forward,3.5,1.2,1.9,0.4,10.1,4.6,2.6,2,32.4,1.6,12.3,1.5,1,6,1.1,74
George Hill,IND,Point Guard,4.2,1.7,3.5,0.2,10,4.4,2,1.5,34.1,2,12.1,0.8,1.1,4,1.4,74
Ersan Ilyasova,ORL,Power Forward,3.5,1.3,0.9,0.4,8.9,3.8,2.1,1.5,25.4,2.3,10.4,1.9,0.7,5.4,1,74
Richar Jefferson,CLE,Small Forward,2.3,0.9,0.8,0.2,4.2,1.9,1.2,0.8,17.9,1.7,5.5,0.2,0.4,1.7,0.6,74
Chris Paul,LAC,Point Guard,4.4,1.6,10,0.2,15.1,7,4.4,4,32.8,2.5,19.5,0.5,2,4.2,2.6,74
Dwyane Wade,MIA,Shooting Guard,0.6,0.1,4.6,0.6,16,7.3,5.5,4.4,30.5,1.6,19,1.1,1.1,4.1,2.7,74
Jae Crowder,BOS,Small Forward,5,1.7,1.8,0.5,11.1,4.9,3.3,2.7,31.6,2.7,14.2,1,1.7,5.1,1.1,73
Alonzo Gee,NOR,Small Forward,0.8,0.2,1,0.2,3.5,1.8,0.9,0.6,22.4,2.3,4.4,0.8,0.9,3.4,0.8,73
Taj Gibson,CHI,Power Forward,0,0,1.5,1.1,6.9,3.6,2,1.4,26.5,2.5,8.6,2.8,0.6,6.9,1.1,73
Jordan Hill,IND,Center,0,0,1.2,0.5,7.5,3.8,1.7,1.2,20.7,2.1,8.8,2.1,0.5,6.2,1.3,73
Stanley Johnson,DET,Small Forward,2.8,0.9,1.6,0.2,8.2,3.1,1.4,1.1,23.1,2.4,8.1,0.8,0.8,4.2,1.6,73
Brook Lopez,BRO,Center,0.2,0,2,1.7,15.8,8.1,5.5,4.3,33.7,2.9,20.6,2.8,0.8,7.9,2.4,73
Elfrid Payton,ORL,Point Guard,1.3,0.4,6.4,0.3,10,4.4,2.6,1.5,29.4,2.2,10.7,1.1,1.2,3.6,2.4,73
Terrence Ross,TOR,Small Forward,4.6,1.8,0.8,0.3,8.6,3.7,0.8,0.7,24,1.6,9.9,0.3,0.7,2.5,0.6,73
Jakarr Sampson,DEN,Shooting Guard,0.9,0.2,0.6,0.5,4.4,1.9,1.7,1.1,16,1.9,5.1,0.6,0.3,2.6,1,73
Nik Stauskas,PHI,Shooting Guard,4.4,1.5,1.9,0.3,7.4,2.9,1.6,1.2,24.6,1.5,8.5,0.3,0.6,2.5,1.3,73
Hassan Whiteside,MIA,Center,0,0,0.4,3.7,9.3,5.6,4.5,2.9,29.1,2.8,14.2,3.3,0.6,11.8,1.9,73
Thaddeus Young,BRO,Small Forward,0.4,0.1,1.8,0.5,13.2,6.8,2.2,1.4,33.1,2.5,15.1,2.4,1.5,9.1,1.9,73
Cody Zeller,CHA,Power Forward,0.1,0,1,0.9,6,3.2,3.2,2.4,24.3,2.8,8.7,1.9,0.8,6.2,0.9,73
Carmelo Anthony,NYK,Small Forward,4.3,1.5,4.2,0.5,18.2,7.9,5.6,4.6,35.1,2.5,21.8,1.4,0.9,7.7,2.4,72
Jose Calderon,NYK,Point Guard,2.8,1.2,4.1,0.1,6.3,2.9,0.7,0.6,28.1,1.9,7.6,0.3,0.9,3.2,1.2,72
Goran Dragic,MIA,Shooting Guard,2.8,0.9,5.8,0.2,12.2,5.8,2.3,1.7,32.8,2.6,14.1,0.8,1,3.8,2.6,72
Kevin Durant,OKL,Small Forward,6.7,2.6,5,1.2,19.2,9.7,6.9,6.2,35.8,1.9,28.2,0.6,0.9,8.2,3.5,72
Pau Gasol,CHI,Power Forward,1,0.3,4.1,2,13.8,6.5,4,3.2,31.9,2.1,16.5,2.2,0.6,11,2.3,72
Gerald Henderson,POR,Shooting Guard,1.9,0.7,1,0.3,7.3,3.2,2,1.6,19.9,1.2,8.7,0.4,0.5,2.9,0.9,72
Kawhi Leonard,SAN,Small Forward,4,1.8,2.6,1,15.2,7.7,4.6,4.1,33.1,1.8,21.2,1.3,1.8,6.9,1.5,72
Victor Oladipo,ORL,Shooting Guard,3.9,1.4,3.9,0.8,13.5,5.9,3.4,2.8,33.1,2.4,16,0.7,1.6,4.8,2.1,72
Tony Parker,SAN,Point Guard,0.9,0.4,5.3,0.2,9.9,4.9,2.4,1.8,27.5,1.6,11.9,0.2,0.8,2.5,1.8,72
Kristaps Porzingis,NYK,Power Forward,3.4,1.1,1.3,1.9,12.3,5.2,3.3,2.8,28.5,2.8,14.3,1.8,0.7,7.3,1.7,72
Rajon Rondo,SAC,Point Guard,2.4,0.9,11.6,0.1,10.9,4.9,2.1,1.2,35.2,2.4,11.9,1.1,2,6.1,3.9,72
Brandon Rush,GSW,Shooting Guard,2.2,0.9,0.8,0.3,3.6,1.5,0.4,0.2,14.6,0.8,4.2,0.3,0.3,2.5,0.5,72
Marrees Speights,GSW,Center,0.9,0.3,0.8,0.5,6.3,2.7,1.6,1.3,11.6,1.6,7.1,1.1,0.3,3.3,0.9,72
Jason Terry,HOU,Shooting Guard,3.6,1.3,1.4,0.1,5.2,2.1,0.5,0.4,17.5,1.3,5.9,0.2,0.7,1.1,0.7,72
Anthony Tolliver,DET,Power Forward,3.8,1.4,0.7,0.2,4.6,1.8,0.7,0.4,18.6,1.2,5.3,0.5,0.4,3.2,0.4,72
Arron Afflalo,NYK,Shooting Guard,3.4,1.3,2,0.1,11.3,5,1.8,1.5,33.2,2,12.8,0.3,0.4,3.7,1.2,71
Patrick Beverley,HOU,Point Guard,4.4,1.7,3.4,0.4,8.4,3.6,1.2,0.8,28.7,3.3,9.9,1,1.3,3.5,1.3,71
Dwight Howard,HOU,Center,0.1,0,1.4,1.6,8.5,5.2,6.7,3.3,32.1,3.1,13.7,3.4,1,11.8,2.3,71
Ian Mahinmi,IND,Center,0,0,1.5,1.1,6.3,3.7,3.2,1.9,25.6,3.1,9.3,1.9,0.9,7.1,1.4,71
Thomas Robinson,BRO,Power Forward,0,0,0.6,0.5,4.1,1.8,1.5,0.7,12.9,1.6,4.3,1.9,0.5,5.1,1,71
Darrell Arthur,DEN,Power Forward,1.7,0.6,1.4,0.7,7,3.2,0.8,0.6,21.7,2.6,7.5,1.2,0.8,4.2,0.9,70
Nicolas Batum,CHA,Small Forward,5.7,2,5.8,0.6,12.5,5.3,2.7,2.3,35,1.6,14.9,0.8,0.9,6.1,2.9,70
Andrew Bogut,GSW,Center,0,0,2.3,1.6,4,2.5,0.7,0.3,20.7,3.2,5.4,1.7,0.5,7,1.2,70
Channing Frye,CLE,Power Forward,3.4,1.3,1,0.4,5,2.2,0.5,0.4,17.1,1.8,6,0.5,0.4,3.3,0.6,70
Rudy Gay,SAC,Small Forward,3.1,1.1,1.7,0.7,14.4,6.7,3.6,2.8,34,2.6,17.2,1.5,1.4,6.5,2,70
Chris Johnson,UTA,Small Forward,1.4,0.4,0.6,0.3,2.8,1,0.6,0.5,12.3,1.4,2.9,0.4,0.5,1.9,0.6,70
Andre Roberson,OKL,Shooting Guard,1.5,0.5,0.7,0.6,3.9,1.9,0.8,0.5,22.2,1.9,4.8,1.1,0.8,3.6,0.5,70
Rashad Vaughn,MIL,Shooting Guard,2.1,0.6,0.5,0.2,3.8,1.2,0.2,0.2,14.3,1,3.1,0.2,0.4,1.3,0.4,70
Aaron Brooks,CHI,Point Guard,2.7,1,2.6,0.1,6.8,2.7,0.9,0.7,16.1,1.9,7.1,0.3,0.4,1.5,1.2,69
Omri Casspi,SAC,Small Forward,4,1.6,1.4,0.2,9,4.3,2.3,1.5,27.3,2.2,11.8,0.8,0.8,5.9,1.4,69
Gerald Green,MIA,Shooting Guard,3.8,1.2,0.8,0.3,8.5,3.3,1.3,1,22.6,1.8,8.9,0.4,0.5,2.4,0.7,69
Kelly Olynyk,BOS,Center,3,1.2,1.5,0.5,8.1,3.7,1.9,1.4,20.2,2.4,10,1,0.8,4.1,1.1,69
Lance Stephenson,MEM,Small Forward,1.1,0.4,1.9,0.1,6.9,3.3,1.6,1.3,19.9,2,8.3,0.6,0.6,3.2,1.4,69
Omer Asik,NOR,Center,0,0,0.4,0.3,2.9,1.5,1.6,0.9,17.4,1.8,4,1.8,0.3,6.1,0.9,68
Leandro Barbosa,GSW,Shooting Guard,1.6,0.6,1.2,0.1,5.4,2.5,0.9,0.8,15.9,1.6,6.4,0.4,0.6,1.7,0.8,68
Marco Belinelli,SAC,Small Forward,4.4,1.3,1.9,0,9.3,3.6,2,1.7,24.6,1.3,10.2,0.1,0.5,1.7,1.2,68
Ben McLemore,SAC,Shooting Guard,2.7,1,1.2,0.1,6.7,2.9,1.5,1.1,21.2,2.1,7.8,0.5,0.8,2.2,1.5,68
Anthony Morrow,OKL,Shooting Guard,3,1.2,0.4,0.1,4.9,2,0.6,0.4,13.7,0.9,5.6,0.1,0.3,0.9,0.2,68
Emmanuel Mudiay,DEN,Point Guard,3.4,1.1,5.5,0.5,13.3,4.8,3.1,2.1,30.4,2.1,12.8,0.5,1,3.4,3.2,68
Paul Pierce,LAC,Small Forward,3.6,1.1,1,0.2,5.8,2.1,1,0.8,18.2,1.9,6.1,0.2,0.5,2.7,0.9,68
Dwight Powell,DAL,Power Forward,0.2,0,0.6,0.4,4.4,2.1,2.1,1.5,14.6,1.7,5.9,1.2,0.5,4,0.6,68
Zach Randolph,MEM,Power Forward,0.4,0.1,2.1,0.2,13.3,6.3,3.2,2.5,29.7,2.1,15.3,2.6,0.6,7.8,1.5,68
Kyle Singler,OKL,Small Forward,1.4,0.4,0.4,0.1,3.2,1.3,0.6,0.4,14.5,1.8,3.4,0.7,0.4,2.1,0.5,68
Jimmy Butler,CHI,Shooting Guard,3.1,1,4.8,0.6,15.4,7,7.1,5.9,36.9,1.9,20.9,1.2,1.6,5.4,2,67
Robert Covington,PHI,Small Forward,7.2,2.5,1.4,0.6,10.6,4.1,2.6,2.1,28.4,3.5,12.8,1,1.6,6.3,2.1,67
Kenneth Faried,DEN,Power Forward,0,0,1.2,0.9,9.3,5.2,3.3,2,25.3,2.5,12.5,3.5,0.5,8.7,1.4,67
Jon Leuer,PHO,Power Forward,1.6,0.6,1.1,0.4,7,3.3,1.5,1.1,18.8,1.9,8.5,1.1,0.6,5.6,1.1,67
Nerlens Noel,PHI,Center,0,0,1.8,1.5,8.8,4.6,3.4,2,29.3,2.9,11.1,2.3,1.8,8.1,2.4,67
Austin Rivers,LAC,Shooting Guard,2.8,0.9,1.5,0.1,7.7,3.4,1.7,1.2,21.9,2,8.9,0.3,0.7,1.9,0.9,67
Louis Williams,LAL,Shooting Guard,4.8,1.6,2.5,0.3,10.4,4.2,6.3,5.3,28.5,1.6,15.3,0.5,0.9,2.5,1.6,67
Ryan Anderson,NOR,Power Forward,5.4,2,1.1,0.4,14.1,6,3.5,3,30.5,1.7,17,2,0.6,6,1.4,66
Harrison Barnes,GSW,Small Forward,3.2,1.2,1.8,0.2,9.6,4.5,2,1.5,31,2.1,11.7,1.2,0.6,4.9,0.9,66
Brandon Bass,LAL,Power Forward,0,0,1.1,0.8,4.8,2.6,2.2,1.9,20.3,1.9,7.2,1.6,0.5,4.3,0.6,66
Kobe Bryant,LAL,Shooting Guard,7.1,2,2.8,0.2,16.8,6,4.3,3.5,28.2,1.7,17.6,0.6,0.9,3.7,2,66
Chase Budinger,PHO,Small Forward,1.3,0.4,1,0.2,3.6,1.6,0.8,0.6,14.1,0.9,4.1,0.7,0.5,2.3,0.7,66
Wil Cauley-stein,SAC,Center,0,0,0.6,1,5.1,2.9,1.9,1.2,21.4,2.2,7,2,0.7,5.3,0.7,66
Tyson Chandler,PHO,Center,0,0,1,0.7,4.8,2.8,2.6,1.6,24.5,2.2,7.2,2.7,0.5,8.7,1.4,66
Ian Clark,GSW,Shooting Guard,1.3,0.5,1,0.2,3.1,1.3,0.5,0.4,8.8,0.9,3.6,0.2,0.3,1,0.7,66
P.J. Hairston,MEM,Power Forward,3.7,1.1,0.6,0.2,6.2,2.2,1,0.8,19.9,2.1,6.2,0.4,0.5,2.6,0.6,66
Jeremy Lamb,CHA,Shooting Guard,2.7,0.8,1.2,0.5,7.7,3.5,1.3,1,18.6,1.6,8.8,0.7,0.6,3.8,0.8,66
Ty Lawson,IND,Point Guard,1.6,0.5,3.6,0.1,5.4,2.1,1.3,0.9,21.4,1.3,5.7,0.4,0.8,1.8,1.4,66
Nikola Mirotic,CHI,Power Forward,5.2,2,1.5,0.7,9.2,3.8,2.7,2.2,25,2.3,11.8,0.9,0.9,5.5,1.5,66
Johnny O'bryant,MIL,Power Forward,0,0,0.5,0.1,3.2,1.3,0.6,0.4,13,1.5,3,1,0.3,2.7,0.5,66
Derrick Rose,CHI,Point Guard,2.3,0.7,4.7,0.2,15.9,6.8,2.7,2.2,31.7,1.3,16.4,0.7,0.7,3.4,2.7,66
Demarcus Cousins,SAC,Center,3.2,1.1,3.3,1.4,20.5,9.2,10.2,7.3,34.5,3.6,26.9,2.4,1.6,11.5,3.8,65
Jrue Holiday,NOR,Point Guard,4,1.3,6,0.3,14.4,6.3,3.3,2.8,28.1,2.3,16.8,0.4,1.4,3,2.6,65
Andre Iguodala,GSW,Shooting Guard,2.4,0.8,3.4,0.3,5.7,2.7,1.3,0.8,26.7,1.6,7,0.8,1.1,4,1.2,65
Kyle O'quinn,NYK,Power Forward,0.3,0.1,1.1,0.8,4.2,2,0.9,0.7,11.7,1.6,4.8,1.2,0.3,3.8,0.9,65
Nikola Vucevic,ORL,Center,0.1,0,2.8,1.1,16.1,8.2,2.3,1.7,31.4,2.7,18.2,2.7,0.8,8.8,1.9,65
Deron Williams,DAL,Point Guard,4.3,1.5,5.8,0.2,11.9,4.9,3.2,2.8,32.4,2.4,14.1,0.3,0.9,2.9,2.3,65
Tony Allen,MEM,Shooting Guard,0.7,0.2,1.1,0.3,7.3,3.4,2.2,1.4,25.3,2.7,8.4,1.6,1.7,4.6,1.2,64
Trey Burke,UTA,Point Guard,4,1.4,2.3,0.1,9.9,4.1,1.3,1,21.3,1.3,10.6,0.3,0.5,1.8,1.2,64
Devin Harris,DAL,Point Guard,2.5,0.8,1.8,0.2,5.8,2.6,2.2,1.6,20,1.9,7.6,0.3,0.9,2.2,1,64
C.J. Miles,IND,Shooting Guard,6,2.2,1,0.5,9.9,4,1.9,1.5,22.9,2.2,11.8,0.4,0.8,2.7,1.1,64
Markieff Morris,WAS,Power Forward,2.4,0.7,1.9,0.5,11.2,4.8,2.3,1.7,25.5,2.9,12,1.1,0.9,5.5,2.1,64
Tony Snell,CHI,Small Forward,2.4,0.9,1,0.3,5.3,2,0.5,0.5,20.3,1.6,5.3,0.3,0.2,3.1,0.8,64
Larryjr Nance,LAL,Power Forward,0.2,0,0.7,0.4,4.8,2.5,0.7,0.5,20.1,2,5.5,1.6,0.9,5,0.7,63
Kelly Oubre,WAS,Power Forward,1.3,0.4,0.2,0.1,3.3,1.4,0.8,0.5,10.7,1.6,3.7,0.4,0.3,2.1,0.5,63
D.J. Augustin,DEN,Point Guard,2.7,1.1,3.2,0.1,5.6,2.4,2.1,1.7,19.1,1.4,7.5,0.1,0.6,1.5,1.4,62
Markel Brown,BRO,Shooting Guard,2,0.6,1.5,0.2,5.2,2,1.5,1.1,16,1.5,5.9,0.4,0.6,2,0.9,62
Derrick Favors,UTA,Power Forward,0.1,0,1.5,1.5,13.1,6.7,4.1,2.9,32,2.4,16.4,2.7,1.2,8.1,1.7,62
Bobby Portis,CHI,Power Forward,0.8,0.3,0.8,0.4,7,3,1.1,0.8,17.8,1.6,7,2,0.4,5.4,0.9,62
Ronnie Price,PHO,Point Guard,3.1,1.1,2.4,0.2,4.9,1.9,0.7,0.5,19.5,2.6,5.3,0.4,1.2,1.6,1.1,62
Charl Villanueva,DAL,Power Forward,2.8,0.8,0.4,0.2,5.3,2,0.4,0.4,10.8,1.1,5.1,0.4,0.3,2.5,0.5,62
Mario Chalmers,MEM,Point Guard,2.4,0.8,3.8,0.2,7.3,3,4.3,3.6,22.6,3,10.3,0.4,1.4,2.6,1.8,61
Anthony Davis,NOR,Power Forward,1.8,0.6,1.9,2,18.6,9.2,7,5.3,35.4,2.4,24.3,2.1,1.3,10.3,2,61
Toney Douglas,NOR,Point Guard,3.3,1.3,2.5,0.1,7.3,3,1.6,1.4,20.7,2.1,8.7,0.4,1.1,2.3,1,61
Tim Duncan,SAN,Power Forward,0,0,2.7,1.3,7.2,3.5,2.1,1.5,25.2,2,8.6,1.9,0.8,7.3,1.5,61
Rudy Gobert,UTA,Center,0,0,1.5,2.1,5.8,3.2,4.6,2.6,31.6,2.7,9.1,3.4,0.7,11,1.9,61
Meyers Leonard,POR,Center,3.7,1.4,1.5,0.3,7.1,3.2,0.8,0.6,21.8,3,8.3,0.8,0.1,5.1,1.3,61
Chandler Parsons,DAL,Small Forward,4.1,1.7,2.8,0.3,10.7,5.2,2.2,1.5,29.5,1.9,13.7,0.5,0.8,4.7,1.6,61
Miles Plumlee,MIL,Center,0,0,0.3,0.8,3.8,2.3,1,0.6,14.2,1.2,5.1,1.6,0.3,3.8,0.7,61
Donald Sloan,BRO,Point Guard,1.6,0.6,4.4,0.1,5.7,2.5,1.7,1.3,21.6,1.2,7,0.3,0.5,2.8,1.3,61
Marcus Smart,BOS,Point Guard,4,1,3,0.3,8.7,3,2.7,2.1,27.3,3,9.1,1.2,1.5,4.2,1.3,61
Marcus Thornton,WAS,Shooting Guard,4.4,1.5,1.4,0.1,8.9,3.5,1.3,1.1,18.2,1.5,9.7,0.6,0.8,2.4,0.8,61
Sasha Vujacic,NYK,Shooting Guard,2.3,0.9,1.4,0.1,4.5,1.7,0.6,0.5,14.9,1.4,4.9,0.4,0.6,2.4,0.7,61
Cole Aldrich,LAC,Center,0,0,0.8,1.1,3.8,2.2,1.4,1,13.4,2.3,5.5,1.4,0.8,4.8,1.1,60
Nemanja Bjelica,MIN,Power Forward,2.1,0.8,1.4,0.3,3.9,1.8,0.9,0.7,18,2.6,5.1,0.8,0.4,3.5,0.8,60
Vince Carter,MEM,Shooting Guard,2.8,1,0.9,0.3,5.7,2.2,1.4,1.2,16.8,1.7,6.6,0.5,0.6,2.4,0.6,60
Mike Muscala,ATL,Power Forward,0.7,0.2,0.6,0.5,2.5,1.3,0.7,0.5,9.5,1.2,3.2,0.6,0.2,1.9,0.5,60
Myles Turner,IND,Power Forward,0.2,0.1,0.7,1.4,8.8,4.4,2,1.5,22.8,2.6,10.3,1.1,0.4,5.5,1.1,60
Jona Valanciunas,TOR,Center,0,0,0.7,1.3,8.9,5,3.5,2.7,26,2.6,12.8,3.1,0.4,9.1,1.4,60
Tyler Zeller,BOS,Center,0,0,0.5,0.4,4.8,2.3,1.8,1.5,11.9,1.6,6.1,1,0.2,3,0.8,60
Quincy Acy,SAC,Small Forward,0.8,0.3,0.5,0.4,3.6,2,1.2,0.8,14.9,1.7,5.2,1.1,0.5,3.2,0.5,59
Alexis Ajinca,NOR,Center,0,0,0.5,0.6,5.3,2.5,1.1,0.9,14.6,2.3,6,1.3,0.3,4.6,0.9,59
Nick Collison,OKL,Power Forward,0,0,0.9,0.3,1.8,0.8,0.6,0.4,11.9,1.8,2.1,1.2,0.3,2.9,0.8,59
Solomon Hill,IND,Small Forward,1.2,0.4,1,0.2,3.5,1.6,0.7,0.6,14.7,1.2,4.2,0.7,0.6,2.8,0.6,59
Joffre Lauvergne,DEN,Power Forward,0.9,0.2,0.9,0.3,6.4,3.3,1.2,1.1,17.7,1.9,7.9,1.3,0.2,4.9,0.9,59
E'twaun Moore,CHI,Shooting Guard,1.8,0.8,1.7,0.3,6.6,3.2,0.6,0.4,21.4,1.7,7.5,0.3,0.6,2.3,0.9,59
Pablo Prigioni,LAC,Point Guard,1.6,0.5,2.2,0,2.5,0.9,0.1,0.1,13.8,1.4,2.5,0.6,0.9,1.9,0.8,59
Lance Thomas,NYK,Small Forward,1.8,0.7,0.9,0.1,6.5,2.9,2,1.7,22.4,1.8,8.2,0.6,0.4,2.2,1,59
Steve Blake,DET,Point Guard,2.6,0.9,3.4,0.1,4.1,1.6,0.3,0.3,17,1.2,4.4,0.2,0.4,1.5,1.4,58
Dewayne Dedmon,ORL,Center,0,0,0.2,0.8,3.1,1.7,1.3,1,12.2,1.9,4.4,1.2,0.4,3.9,0.6,58
Manu Ginobili,SAN,Shooting Guard,3.1,1.2,3.1,0.2,7.5,3.4,1.9,1.6,19.6,1.7,9.6,0.4,1.1,2.5,1.7,58
Rodney Stuckey,IND,Point Guard,1.4,0.3,2.4,0.1,7.7,3.2,2.7,2.3,22,1.3,8.9,0.3,0.7,2.7,1.3,58
Archie Goodwin,PHO,Shooting Guard,1.7,0.4,2.1,0.2,7.4,3.1,3.4,2.3,19.5,1.5,8.9,0.5,0.5,2.5,1.8,57
Spencer Hawes,CHA,Power Forward,1.8,0.7,1.9,0.5,5.4,2.2,1.1,0.9,18.1,1.9,6,0.9,0.4,4.3,1,57
John Henson,MIL,Power Forward,0,0,0.9,1.9,5.1,2.9,2.1,1.2,16.8,2.3,7,1.5,0.3,3.9,1.1,57
Nene Hilario,WAS,Power Forward,0.1,0,1.7,0.5,6.7,3.7,3.2,1.9,19.2,2.7,9.2,0.9,0.9,4.5,1.3,57
James Johnson,TOR,Power Forward,1.2,0.4,1.2,0.6,4.2,2,1.2,0.7,16.2,1.5,5,0.5,0.5,2.2,0.9,57
Cameron Payne,OKL,Point Guard,1.9,0.6,1.9,0.1,4.9,2,0.4,0.3,12.3,1.4,5,0.2,0.6,1.5,0.8,57
Mike Conley,MEM,Point Guard,3.8,1.4,6.1,0.3,12.4,5.2,4.1,3.4,31.3,1.8,15.3,0.5,1.2,2.9,1.5,56
Andrew Nicholson,ORL,Power Forward,2,0.7,0.4,0.4,5.5,2.6,1.2,0.9,14.7,1.2,6.9,0.6,0.2,3.6,0.7,56
Justin Anderson,DAL,Shooting Guard,1.5,0.4,0.5,0.5,3.2,1.3,1,0.8,11.7,0.8,3.8,0.3,0.3,2.4,0.4,55
Bradley Beal,WAS,Shooting Guard,4.9,1.9,2.9,0.2,14.5,6.5,3.2,2.5,31.1,2.1,17.4,0.7,1,3.4,2,55
David Lee,DAL,Power Forward,0,0,1.5,0.5,6.1,3.2,1.7,1.3,16.5,2.1,7.8,1.8,0.4,5.5,1.2,55
Kevin Martin,SAN,Shooting Guard,2.5,0.9,1.1,0.1,7.6,2.8,3.1,2.8,19.9,1.5,9.3,0.3,0.5,2,1,55
Shabazz Napier,ORL,Point Guard,1.9,0.6,1.8,0,3.7,1.2,0.8,0.6,10.9,0.7,3.7,0.2,0.4,1,0.8,55
Jonathon Simmons,SAN,Shooting Guard,0.9,0.3,1.1,0.1,4.4,2.2,1.7,1.3,14.7,1.9,6,0.3,0.4,1.7,1,55
Josh Smith,HOU,Small Forward,2.6,0.7,1.6,0.9,6.3,2.3,1.2,0.7,16,2.1,6,0.9,0.6,3.5,1.4,55
Boban Marjanovic,SAN,Center,0,0,0.4,0.4,3.2,1.9,2.1,1.6,9.4,1,5.5,1.4,0.2,3.6,0.5,54
Iman Shumpert,CLE,Shooting Guard,2.7,0.8,1.7,0.4,5.6,2.1,0.9,0.7,24.4,2.2,5.8,0.6,1,3.8,1,54
Nick Young,LAL,Small Forward,4.4,1.4,0.6,0.1,6.9,2.3,1.4,1.2,19.2,0.9,7.3,0.3,0.4,1.8,0.6,54
Chris Bosh,MIA,Power Forward,4.2,1.5,2.4,0.6,14.5,6.8,5.1,4,33.5,1.9,19.1,0.9,0.7,7.4,1.5,53
Danilo Gallinari,DEN,Small Forward,4.5,1.6,2.5,0.4,13.2,5.4,8.2,7.1,34.7,1.6,19.5,1,0.8,5.3,1.5,53
Justin Holiday,CHI,Shooting Guard,2,0.7,1.1,0.4,4.3,1.7,0.7,0.5,14.5,1.2,4.5,0.2,0.6,1.7,0.7,53
Marcelo Huertas,LAL,Point Guard,1.2,0.3,3.4,0.1,4.3,1.8,0.5,0.5,16.3,1.4,4.5,0.3,0.5,1.7,1.5,53
Kris Humphries,ATL,Power Forward,2,0.6,0.7,0.5,5.6,2.3,1.6,1.3,15.8,1.8,6.5,1.1,0.3,4.1,0.7,53
Kyrie Irving,CLE,Point Guard,4.9,1.6,4.7,0.3,16.6,7.4,3.6,3.2,31.4,2,19.6,0.8,1.1,2.9,2.3,53
Brandon Knight,PHO,Point Guard,6.6,2.3,5,0.4,16.9,7,3.5,2.9,35.3,2.3,19.2,0.7,1.2,3.8,3.3,53
Jahlil Okafor,PHI,Center,0.1,0,1.2,1.2,14.7,7.5,3.7,2.5,30.1,2.6,17.5,2.3,0.4,7,2.3,53
Anderson Varejao,GSW,Center,0,0,0.7,0.2,2.3,1,0.9,0.6,9.3,1.3,2.6,0.7,0.3,2.7,0.4,53
Jerryd Bayless,MIL,Point Guard,4.4,1.9,3.1,0.2,8.4,3.6,1.7,1.3,29,2.1,10.4,0.4,0.9,2.7,1.4,52
Marc Gasol,MEM,Center,0.1,0,3.8,1.3,13.6,6.3,4.7,3.9,34.5,2.7,16.6,1.1,1,7,2.3,52
Shelvin Mack,UTA,Point Guard,2.4,0.8,3.6,0.1,8,3.5,1.2,0.9,20.5,1.4,8.6,0.2,0.7,2.5,1.8,52
Adreian Payne,MIN,Power Forward,0.6,0.2,0.6,0.2,2.8,1,0.5,0.3,9.3,1.5,2.5,0.4,0.3,2.2,0.7,52
Josh Richardson,MIA,Shooting Guard,2.2,1,1.4,0.5,5.2,2.4,1.2,0.8,21.2,2.1,6.6,0.4,0.7,2.1,0.7,52
Amare Stoudemire,MIA,Power Forward,0,0,0.5,0.8,4.2,2.4,1.3,1,14.7,1.8,5.8,1.2,0.4,4.3,0.9,52
James Anderson,SAC,Shooting Guard,1.7,0.5,0.8,0.3,3.5,1.3,0.6,0.4,14.1,1.1,3.5,0.3,0.4,1.7,0.8,51
Timjr Hardaway,ATL,Shooting Guard,2.8,0.9,1,0.1,5.2,2.2,1.1,1,16.9,0.9,6.4,0.1,0.4,1.7,0.5,51
Richaun Holmes,PHI,Power Forward,0.9,0.2,0.6,0.8,4.4,2.2,1.5,1,13.8,1.8,5.6,1.2,0.4,2.6,0.6,51
Brian Roberts,POR,Point Guard,0.8,0.3,1.1,0,3.2,1.5,0.9,0.8,9.3,0.7,4,0.1,0.2,0.8,0.5,51
Jeff Withey,UTA,Center,0,0,0.4,1,3.2,1.7,1.2,0.8,12.8,1.5,4.3,1.1,0.4,3.4,0.5,51
Tim Frazier,NOR,Point Guard,0.9,0.3,3.1,0,4.4,1.8,1.4,1,14.4,1.4,4.9,0.5,0.6,2.1,1.3,50
Terrence Jones,HOU,Power Forward,1.6,0.5,0.8,0.8,7.3,3.3,2.3,1.5,20.9,1.7,8.7,1.2,0.5,4.2,1,50
Norman Powell,TOR,Shooting Guard,1.8,0.7,1,0.2,4.7,2,1.1,0.9,14.9,1.2,5.6,0.3,0.6,2.3,0.7,49
Brandon Jennings,ORL,Point Guard,3.2,1.1,3.6,0.1,6.3,2.3,1.6,1.2,18.1,1.2,6.9,0.3,0.6,2,1.2,48
James Jones,CLE,Shooting Guard,2.2,0.9,0.3,0.2,3,1.2,0.5,0.4,9.7,1,3.8,0.2,0.2,1,0.3,48
Kevin Seraphin,NYK,Power Forward,0,0,1,0.8,4.3,1.8,0.5,0.4,11,1.4,3.9,0.6,0.2,2.6,0.9,48
Luke Babbitt,NOR,Small Forward,2.3,0.9,1.1,0.1,6.1,2.6,1.1,0.8,18,1.9,7,0.5,0.2,3.1,0.5,47
Al Jefferson,CHA,Center,0,0,1.5,0.9,10.7,5.2,2.4,1.5,23.3,2.5,12,1.2,0.6,6.4,0.7,47
Mike Miller,DEN,Small Forward,1.1,0.4,0.9,0.1,1.3,0.5,0,0,8,1.1,1.3,0.1,0.3,1.1,0.4,47
Jason Thompson,TOR,Center,0.3,0.1,0.6,0.4,2.3,1.1,1.1,0.8,10,1.7,3.1,0.7,0.3,2.8,0.3,47
T.J. Warren,PHO,Small Forward,1.5,0.6,0.9,0.3,9.4,4.7,1.4,1,22.7,2,11,1.2,0.8,3.1,0.7,47
Andrea Bargnani,BRO,Center,0.3,0.1,0.4,0.2,6,2.8,1.2,1,13.8,1.3,6.6,0.6,0.1,2.1,0.6,46
Rasual Butler,SAN,Small Forward,1.1,0.3,0.5,0.5,2.3,1.1,0.3,0.2,9.4,0.2,2.7,0.1,0.3,1.2,0.2,46
Tyler Ennis,MIL,Point Guard,0.8,0.3,2.1,0,4.1,1.8,0.7,0.5,14.3,1.4,4.5,0.3,0.5,1.6,1,46
Festus Ezeli,GSW,Center,0,0,0.7,1.1,5,2.7,2.9,1.5,16.7,2,7,2,0.4,5.7,0.8,46
Kirk Hinrich,ATL,Shooting Guard,1.3,0.5,1.6,0,2.8,1.1,0.3,0.3,13.7,1.4,3,0.2,0.3,1.5,0.7,46
Norris Cole,NOR,Point Guard,2.3,0.7,3.7,0.1,10.8,4.4,1.4,1.2,26.6,2.3,10.6,0.2,0.8,3.4,1.7,45
Jared Cunningham,MIL,Shooting Guard,0.9,0.3,0.4,0,2.3,0.8,1.2,0.8,9.2,0.9,2.7,0.1,0.3,0.8,0.5,45
Eric Gordon,NOR,Shooting Guard,6.5,2.5,2.7,0.3,12.2,5.1,2.8,2.5,32.9,2.2,15.2,0.2,1,2.2,1.6,45
Glenn Robinson,IND,Small Forward,0.8,0.3,0.6,0.2,3.4,1.4,0.9,0.6,11.4,0.5,3.8,0.3,0.4,1.5,0.4,45
Seth Curry,SAC,Shooting Guard,2.5,1.1,1.5,0.1,5.1,2.3,1.2,1,15.8,0.9,6.8,0.2,0.5,1.4,0.8,44
Tyler Hansbrough,CHA,Power Forward,0.1,0,0.2,0.2,1.6,0.7,1.5,0.9,7.9,1.2,2.4,0.9,0.3,2,0.3,44
Beno Udrih,MIA,Point Guard,1,0.3,2.6,0,4.5,2,0.5,0.4,16.1,1.2,4.7,0.2,0.3,1.6,1.2,44
Troy Daniels,CHA,Shooting Guard,2.8,1.4,0.5,0.1,4.3,2.1,0.2,0.1,11.1,0.9,5.6,0.2,0.3,1.3,0.6,43
John Jenkins,PHO,Shooting Guard,1.2,0.4,0.8,0,3.7,1.6,0.6,0.5,11,0.5,4.1,0.2,0.2,1.3,0.6,43
Sonny Weems,PHI,Shooting Guard,1,0.3,1.1,0,2.6,1,0.3,0.2,11.7,1.1,2.5,0.2,0.2,1.2,1,43
Josh McRoberts,MIA,Power Forward,1.2,0.3,1.9,0.2,3.5,1.3,1,0.7,14.2,1.6,3.6,0.5,0.4,2.5,0.7,42
O.J. Mayo,MIL,Shooting Guard,4,1.3,2.9,0.2,7.8,2.9,1,0.8,26.5,3.1,7.8,0.3,1.1,2.6,1.8,41
James McAdoo,GSW,Shooting Guard,0,0,0.4,0.2,2,1.1,1.2,0.6,6.5,1,2.9,0.7,0.2,1.4,0.4,41
Ray McCallum,MEM,Point Guard,1,0.4,1.5,0.2,3.6,1.3,0.4,0.3,11.6,0.7,3.3,0.2,0.3,1.1,0.6,41
Mo Williams,CLE,Point Guard,2.5,0.9,2.4,0.1,7.4,3.2,1,0.9,18.2,1.5,8.2,0.1,0.3,1.8,1.4,41
Joseph Young,IND,Point Guard,1.1,0.2,1.6,0,4.1,1.5,0.6,0.5,9.4,0.7,3.8,0.1,0.4,1.2,0.8,41
Sergey Karasev,BRO,Shooting Guard,0.9,0.3,0.9,0.1,1.9,0.8,0.7,0.7,10.1,0.7,2.4,0.2,0.1,1.4,0.6,40
Gary Neal,WAS,Point Guard,2.5,1,1.2,0,8.1,3.8,1.4,1.2,20.2,1.4,9.8,0.3,0.5,2.1,0.8,40
Tarik Black,LAL,Center,0,0,0.4,0.5,2.7,1.5,1.2,0.5,12.7,2,3.4,1.1,0.4,4,0.6,39
Kevin Garnett,MIN,Power Forward,0,0,1.6,0.3,2.9,1.4,0.5,0.4,14.3,1.8,3.1,0.4,0.7,3.8,0.4,39
Montrez Harrell,HOU,Power Forward,0,0,0.4,0.3,2.3,1.5,1.2,0.6,9.7,1.2,3.6,0.7,0.3,1.7,0.4,39
Andre Miller,SAN,Point Guard,0.2,0.1,2.2,0,2.7,1.5,0.8,0.6,11.8,1.2,3.7,0.3,0.4,1.3,0.9,39
Jameer Nelson,DEN,Point Guard,3.7,1.1,4.9,0.1,7.9,2.9,0.9,0.8,26.6,2.6,7.7,0.5,0.6,2.9,1.7,39
Willie Reed,BRO,Power Forward,0,0,0.3,0.8,3.4,1.9,1.4,0.8,10.9,1.2,4.7,1.3,0.2,3.1,0.4,39
Terry Rozier,BOS,Point Guard,0.7,0.2,0.9,0,2.7,0.7,0.3,0.2,7.9,0.6,1.8,0.6,0.2,1.6,0.5,39
Darrun Hilliard,DET,Shooting Guard,1.3,0.5,0.7,0,3.5,1.4,1.1,0.8,10.2,0.7,4,0.1,0.2,1.2,0.5,38
Kendrick Perkins,NOR,Center,0,0,0.8,0.3,2,1.1,0.7,0.3,14.3,1.7,2.4,0.7,0.3,3.4,1.1,38
Reggie Bullock,DET,Small Forward,1.4,0.6,0.7,0.1,2.6,1.2,0.4,0.4,11.5,0.8,3.3,0.4,0.3,1.8,0.2,37
Udonis Haslem,MIA,Power Forward,0.2,0,0.4,0.1,1.6,0.6,0.4,0.3,7,0.7,1.6,0.3,0.1,2,0.1,37
Ryan Hollins,MEM,Center,0,0,0.3,0.6,2.1,1.3,1.1,0.7,12.5,1.7,3.4,1.3,0.2,2.6,0.6,37
Tyus Jones,MIN,Point Guard,1.4,0.4,2.9,0.1,4.2,1.5,1.1,0.8,15.6,0.9,4.2,0.2,0.8,1.3,0.9,37
K.J. McDaniels,HOU,Shooting Guard,0.7,0.2,0.3,0.2,1.9,0.8,0.8,0.6,6.4,0.8,2.4,0.4,0.2,1.1,0.5,37
Dona Motiejunas,HOU,Power Forward,1.5,0.4,1.1,0.1,5.5,2.4,1.4,0.9,14.8,1.9,6.2,1,0.5,2.9,1.2,37
R.J. Hunter,BOS,Shooting Guard,1.8,0.5,0.4,0.1,2.7,1,0.2,0.2,8.9,0.8,2.7,0.1,0.4,1,0.3,36
Tyler Johnson,MIA,Shooting Guard,1.9,0.8,2.2,0.4,6.7,3.3,1.8,1.4,23.9,1.8,8.7,0.8,0.7,3.1,1.3,36
Ryan Kelly,LAL,Power Forward,1,0.1,0.6,0.3,4.1,1.5,1.5,1,13,1.1,4.2,0.6,0.4,3.4,0.5,36
Carl Landry,PHI,Power Forward,0.4,0.2,0.9,0.2,6.9,3.9,2.5,1.9,15.8,1.9,9.8,1.4,0.3,4.1,0.6,36
Tiago Splitter,ATL,Power Forward,0.1,0,0.8,0.3,4.3,2.2,1.3,1.1,16.1,2,5.6,1.2,0.6,3.4,0.7,36
Ron Artest,LAL,Small Forward,2.4,0.7,0.8,0.3,5.1,1.6,1.6,1.1,16.8,1.9,5,0.5,0.6,2.5,0.4,35
Blake Griffin,LAC,Power Forward,0.5,0.2,4.9,0.5,17.3,8.6,5.5,4,33.5,2.7,21.4,1.5,0.8,8.4,2.4,35
J.J. Hickson,WAS,Power Forward,0,0,0.7,0.4,4.4,2.3,2.9,1.3,12.5,1.3,5.9,1.1,0.4,3.8,0.7,35
Lamar Patterson,ATL,Shooting Guard,1.4,0.3,1.1,0.1,2.3,0.8,0.6,0.5,11.4,1.3,2.4,0.1,0.3,1.4,0.7,35
Pat Connaughton,POR,Shooting Guard,0.6,0.1,0.3,0,1.4,0.4,0.1,0.1,4.3,0.2,1.1,0.3,0.1,0.9,0.3,34
Javale McGee,DAL,Center,0,0,0.1,0.8,3.9,2.3,1.1,0.5,10.8,1.4,5.1,1.6,0.1,3.9,0.6,34
Salah Mejri,DAL,Center,0,0,0.3,1,2.3,1.4,1.4,0.8,11.7,1.6,3.7,1.2,0.2,3.6,0.7,34
Damjan Rudez,MIN,Small Forward,1.5,0.5,0.3,0,1.9,0.8,0.2,0.2,8.4,1,2.3,0.2,0.1,0.6,0.4,33
C.J. Watson,ORL,Point Guard,1.5,0.4,2.7,0.2,4.2,1.4,1.2,1,19.8,1.5,4.3,0.3,0.6,2,0.8,33
Jarrett Jack,BRO,Point Guard,3.2,1,7.4,0.2,11.2,4.4,3.5,3.1,32.1,2.4,12.8,0.2,1.1,4.2,2.9,32
Jusuf Nurkic,DEN,Center,0.1,0,1.2,1.4,7.6,3.2,3.1,1.9,17.1,2.8,8.2,2,0.8,5.4,1.7,32
Eric Bledsoe,PHO,Point Guard,4.2,1.5,6.1,0.6,15.9,7.2,5.5,4.5,34.1,2.4,20.4,0.6,2,4,3.6,31
Alec Burks,UTA,Point Guard,2.5,1,2,0.1,10.8,4.4,4.5,3.4,25.7,2.3,13.3,0.5,0.6,3.5,1.6,31
Mike Dunleavy,CHI,Shooting Guard,3.2,1.3,1.3,0.3,6.1,2.5,1.2,0.9,22.6,2.1,7.2,0.3,0.5,2.7,0.8,31
Cristian Felicio,CHI,Power Forward,0.1,0,0.8,0.4,2.3,1.3,1.1,0.8,10.3,1,3.4,1,0.2,3.3,0.4,31
Matt Bonner,SAN,Center,1.2,0.5,0.3,0,1.9,1,0.1,0.1,7,0.5,2.5,0.1,0.2,0.9,0.1,30
Jeremy Evans,DAL,Small Forward,0.5,0.1,0.1,0.3,1.6,0.9,0.7,0.5,8.4,0.6,2.4,0.4,0.2,1.8,0.2,30
Drew Gooden,WAS,Power Forward,1.4,0.2,0.4,0.4,3.4,1.1,0.5,0.3,10.1,1.3,2.7,0.9,0.3,2.8,0.4,30
Sean Kilpatrick,BRO,Shooting Guard,3.8,1.3,1,0.1,9,4.1,2.2,2,20.5,1.2,11.5,0.4,0.4,1.9,1,30
Kendall Marshall,PHI,Point Guard,1.6,0.5,2.4,0.1,3.9,1.4,0.4,0.3,13.3,1,3.7,0.1,0.5,0.9,1.4,30
Lou Amundson,NYK,Power Forward,0,0,0.4,0.2,1.8,0.7,0.9,0.5,6.9,1.5,1.8,0.8,0.2,1.7,0.5,29
Dejuan Blair,WAS,Center,0,0,0.4,0.1,2.3,1,0.4,0.2,7.5,1.8,2.1,0.7,0.3,2,0.5,29
Anthony Brown,LAL,Small Forward,2.4,0.7,0.7,0.2,4.3,1.3,0.7,0.6,20.6,1.2,4,0.3,0.5,2.4,0.5,29
Joakim Noah,CHI,Center,0,0,3.8,1,4.6,1.8,1.6,0.8,21.9,2.7,4.3,3,0.6,8.8,1.8,29
Lucas Nogueira,TOR,Center,0.1,0,0.2,0.4,1.5,1,0.5,0.3,7.8,1,2.2,0.6,0.4,1.6,0.4,29
James Young,BOS,Shooting Guard,0.9,0.2,0.3,0,1.2,0.4,0.1,0,6.9,0.6,1,0.1,0.2,0.9,0.2,29
Devyn Marble,ORL,Small Forward,1.1,0.3,0.4,0,2.5,0.8,0.9,0.4,8.9,0.9,2.1,0.2,0.5,1.4,0.2,28
Chris Andersen,MEM,Power Forward,0.5,0.1,0.4,0.5,2.7,1.4,1.3,0.9,15,1.1,3.9,1.3,0.6,3.6,0.3,27
Jarell Martin,MEM,Power Forward,0.1,0,0.6,0.3,4.3,2,2.3,1.7,14.1,2.1,5.7,1.4,0.3,3.2,0.7,27
Delon Wright,TOR,Point Guard,0.5,0.2,1.1,0.1,3,1.3,1.3,1,8.6,0.3,3.8,0.3,0.3,1.4,0.6,27
Demarre Carroll,TOR,Small Forward,4.5,1.8,1,0.2,10.4,4,1.9,1.2,30.3,2.4,11,1.2,1.7,4.7,1.1,26
Jarell Eddie,WAS,Shooting Guard,1.8,0.6,0.2,0,2.5,0.8,0.3,0.3,5.7,0.2,2.4,0.1,0.2,0.9,0,26
Kos Papanikolaou,DEN,Small Forward,1.2,0.4,0.6,0.2,2.5,0.9,0.5,0.3,11.3,0.9,2.6,0.3,0.5,1.5,0.8,26
Tyreke Evans,NOR,Shooting Guard,3.4,1.3,6.6,0.3,12.5,5.4,3.7,3,30.6,2.6,15.2,0.8,1.3,5.2,2.9,25
Robert Sacre,LAL,Center,0,0,0.6,0.4,3,1.2,1.5,1,12.8,1.7,3.5,1.3,0.2,2.9,0.5,25
Chris Copeland,MIL,Small Forward,1.5,0.4,0.5,0,2.1,0.7,0.3,0.2,6.6,0.7,2.1,0,0.1,0.4,0.2,24
Sasha Kaun,CLE,Center,0,0,0.1,0.2,0.7,0.4,0.5,0.2,4,0.5,1,0.5,0.2,1.1,0.3,24
Chris McCullough,BRO,Power Forward,1.5,0.5,0.4,0.5,4.5,1.8,1,0.5,15.1,1.6,4.7,1,1.2,2.8,0.6,24
Greivis Vasquez,MIL,Point Guard,3.1,0.7,4,0,6,1.9,1.1,1,20,1.8,5.5,0.2,0.4,2,1.7,23
C.J. Wilcox,LAC,Shooting Guard,1,0.4,0.4,0.1,2.9,1.1,0.5,0.4,7.3,0.7,3,0,0.4,0.5,0.1,23
James Ennis,NOR,Small Forward,2.6,1.2,1,0.2,5.1,2.5,1.5,1.1,15,1.3,7.2,1,0.7,1.9,0.9,22
Jordan McRae,CLE,Shooting Guard,1,0.5,1.1,0,3.5,1.5,1.3,1,9,0.8,4.5,0.2,0.1,0.9,0.7,22
Phil Pressey,PHO,Shooting Guard,0.8,0.2,3.3,0.2,3.5,1.4,1.1,0.6,12.7,1.3,3.5,0.1,0.8,1.3,1.5,22
Aaron Harrison,CHA,Shooting Guard,0.5,0.1,0.1,0,0.9,0.2,0.6,0.2,4.6,0.5,0.9,0.2,0.3,0.7,0.2,21
Axel Toupane,DEN,Shooting Guard,1.9,0.6,0.7,0.3,3.3,1.2,0.8,0.6,14.6,1.9,3.6,0.4,0.3,1.5,0.3,21
Michael Beasley,HOU,Power Forward,0.5,0.1,0.8,0.5,10.2,5.3,2.5,1.9,18,1.9,12.8,1.4,0.6,4.9,1.2,20
Damien Inglis,MIL,Small Forward,0.7,0.1,0.5,0.1,1.9,0.7,0.4,0.3,8,0.6,1.8,0.1,0.3,1.6,0.6,20
Mitch McGary,OKL,Power Forward,0.2,0,0.1,0.1,1.1,0.6,0.5,0.2,3.6,0.5,1.3,0.2,0.1,0.9,0.3,20
Elijah Millsap,UTA,Shooting Guard,0.6,0.1,0.9,0.1,1.9,0.6,0.9,0.7,8.7,1.6,1.8,0.3,0.3,1.8,0.5,20
Joel Anthony,DET,Center,0,0,0.1,0.6,0.5,0.3,0.4,0.3,5,0.8,0.9,0.4,0.1,1.1,0.1,19
Anthony Bennett,TOR,Power Forward,0.7,0.2,0,0,1.4,0.4,0.5,0.5,4.5,0.4,1.5,0.3,0.3,1.2,0.2,19
Cameron Bairstow,CHI,Power Forward,0.3,0.1,0.3,0.2,2.2,0.7,0.4,0.4,5.7,1.1,1.9,0.2,0.1,1.6,0.2,18
Greg Smith,MIN,Power Forward,0,0,0.3,0.1,1.8,1,0.9,0.4,10.8,1.6,2.4,0.7,0.2,2.3,0.4,18
Elton Brand,PHI,Power Forward,0.1,0,1.1,0.5,4.2,1.8,0.5,0.5,13.2,1.9,4.1,0.5,0.5,3.7,0.6,17
Caron Butler,SAC,Small Forward,1.1,0.2,0.6,0.1,3.5,1.5,0.7,0.6,10.4,1.1,3.7,0.3,0.5,1.3,0.2,17
Cleanthony Early,NYK,Small Forward,0.9,0.2,0.4,0.2,2.4,0.7,0.2,0.2,9.1,0.9,1.8,0.2,0.1,1.5,0.5,17
Christian Wood,PHI,Power Forward,0.6,0.2,0.2,0.4,3.1,1.3,1.2,0.8,8.6,0.6,3.6,0.8,0.3,2.2,0.1,17
Jeff Ayres,LAC,Power Forward,0.1,0,0.2,0,1.3,0.6,0.2,0.2,5.9,1,1.5,0.2,0,1.2,0.3,16
Chris Kaman,POR,Center,0.2,0.1,0.7,0.1,2.7,1.2,0.2,0.2,7.1,0.9,2.8,0.4,0.1,1.5,0.5,16
Jordan Mickey,BOS,Power Forward,0,0,0.1,0.7,1.4,0.5,0.6,0.3,3.7,0.3,1.3,0.4,0,0.8,0.1,16
Russ Smith,MEM,Point Guard,0.3,0.1,0.7,0.1,1.5,0.5,0.9,0.5,4.3,0.3,1.5,0.1,0.3,0.6,0.5,15
Xavier Munford,MEM,Point Guard,1.6,0.6,1.6,0.2,5.5,2.3,1,0.5,17.6,1.8,5.7,0.2,0.9,2.2,1.1,14
Henry Sims,BRO,Center,0.1,0,0.6,0.9,5.5,2.4,2.1,1.8,18.8,2.6,6.5,1.5,0.6,5.1,0.9,14
Alan Anderson,WAS,Shooting Guard,2.8,0.9,1.1,0.1,4.5,1.6,1.2,0.8,14.8,1.9,5,0.1,0.3,2.1,0.2,13
Spence Dinwiddie,DET,Point Guard,0.8,0.1,1.8,0,4.4,1.6,2.8,1.6,13.2,1.7,4.8,0.3,0.2,1.4,0.6,12
Jordan Farmar,MEM,Point Guard,3.8,1.3,3.1,0.2,8.3,3.5,0.8,0.8,24.2,1.8,9.2,0.3,1.2,2.1,1.5,12
Jorge Gutierrez,CHA,Point Guard,0.2,0,1.4,0,0.9,0.5,0.9,0.8,5.3,0.2,1.8,0,0.2,0.6,0.5,12
Luis Montero,POR,Shooting Guard,0.8,0.1,0.1,0,1.6,0.4,0.3,0.2,3.6,0.1,1.2,0,0,0.3,0.3,12
Nikola Pekovic,MIN,Center,0,0,0.9,0,4.2,1.6,1.7,1.3,13,1.8,4.5,0.6,0.1,1.8,0.8,12
Tibor Pleiss,UTA,Center,0.2,0,0.2,0.2,2.1,0.9,0.2,0.2,6.9,1.6,2,0.5,0.1,1.2,0.7,12
Brandan Wright,MEM,Power Forward,0,0,0.5,1.2,4.3,2.9,2,1.1,17.8,1.8,6.9,1.2,0.4,3.6,0.8,12
Bryce Dejean-jones,NOR,Shooting Guard,2.7,1,1.4,0.2,6.1,2.5,1.9,1,24.6,1.5,6.9,0.7,0.9,4,1,11
Jordan Hamilton,NOR,Shooting Guard,4.1,1.2,2.3,0.3,10.5,4.5,1.9,1.3,27.7,2.2,11.4,1.1,0.7,5.6,1.5,11
Walter Tavares,ATL,Center,0,0,0.3,0.5,1.7,1,0.7,0.3,6.3,0.7,2.3,0.6,0.1,1.9,0.5,11
Steve Novak,MIL,Small Forward,1.5,0.7,0,0,1.8,0.8,0.1,0.1,4.3,0.3,2.4,0,0,0.5,0.1,10
Alan Williams,PHO,Center,0,0,0.5,0.5,2.4,1,1.4,0.9,6.7,1.5,2.9,1.4,0.4,3.8,0.6,10
Cliff Alexander,POR,Power Forward,0,0,0,0.2,1.1,0.6,0,0,4.1,0.1,1.1,0.2,0.1,0.7,0.1,9
Erick Green,UTA,Point Guard,0.6,0.1,0.3,0,1.4,0.6,0.2,0.2,4.7,0.4,1.4,0.3,0.1,0.7,0,9
Eric Moreland,SAC,Power Forward,0,0,0.1,0.4,0.7,0.3,0.4,0.2,5.2,0.4,0.9,0.3,0,1.2,0.3,9
Lorenzo Brown,PHO,Point Guard,1,0.1,1.4,0.1,3.1,1,0.5,0.4,7.5,0.5,2.5,0,0.4,0.9,1.1,8
Bryce Cotton,MEM,Point Guard,0.4,0,0.4,0,1.2,0.5,0,0,5.1,0.2,1,0,0.4,0,0.6,8
Andre Goudelock,HOU,Point Guard,1.1,0.1,0.5,0.2,2.5,1.1,0.5,0.4,6.4,0.5,2.8,0.1,0.8,0.2,0.9,8
Cory Jefferson,PHO,Power Forward,0.1,0,0,0.1,2.8,1.1,0.8,0.5,6.5,1,2.8,0.8,0,2,0,8
Alex Stepheson,MEM,Small Forward,0,0,0.2,0.6,3.4,1.1,1.5,0.5,9,1.5,2.8,2.4,0.1,3.5,0,8
Tony Wroten,PHI,Shooting Guard,2.1,0.4,2.5,0,8.1,2.8,4.6,2.5,18.1,1.4,8.4,0.2,0.4,2.6,3.6,8
Orlando Johnson,NOR,Shooting Guard,1.6,0.3,0.3,0.4,5,1.3,1.1,0.9,14.6,1.3,3.7,0.6,0.4,2.1,0.6,7
M Kidd-gilchrist,CHA,Small Forward,1,0.4,1.3,0.4,8.7,4.7,4.1,2.9,29.3,1.3,12.7,1.7,0.4,6.4,1.1,7
Jarnell Stokes,NOR,Center,0,0,0.1,0,0.7,0.4,0.3,0.1,2.6,0.1,1,0.1,0.1,0.6,0,7
Briante Weber,MIA,Point Guard,0.7,0,3,0.4,5.6,2,0.6,0.4,24.3,1.7,4.4,1.1,1.3,3.6,1.3,7
Shay Whittington,IND,Power Forward,0.3,0,0.4,0.1,1.6,0.7,0.3,0.1,5.9,1,1.6,0.7,0.1,1.7,0.7,7
Bruno Caboclo,TOR,Small Forward,1.2,0.2,0.2,0.2,2,0.2,0,0,7.2,0.3,0.5,0.2,0.3,0.3,0.7,6
Branden Dawson,LAC,Small Forward,0,0,0,0.2,0.8,0.3,0.2,0.2,4.7,0.3,0.8,0.3,0,0.7,0,6
Jimmer Fredette,NYK,Point Guard,0.3,0.2,0,0,0.8,0.3,0.8,0.7,2.8,0.3,1.5,0,0.2,0,0.3,6
Keith Appling,ORL,Point Guard,0.6,0,0.2,0,1.6,0.4,0.4,0.4,5.4,1,1.2,0,0.2,0.2,0.6,5
Justin Harper,DET,Power Forward,1.8,0.8,0,0,2,0.8,0.4,0.2,7,0.6,2.6,0,0.2,0.2,0.4,5
Joe Harris,CLE,Shooting Guard,0.8,0.2,0.4,0,0.8,0.2,0,0,3,0.2,0.6,0,0,0.6,0.2,5
Josh Huestis,OKL,Small Forward,1.2,0.8,0,0.4,2.4,1,0.8,0,11,0.6,2.8,0.4,0.2,2,0.6,5
Kevon Looney,GSW,Small Forward,0.4,0.2,0,0,1.4,0.8,0,0,4.2,0.4,1.8,0.8,0,2,0.2,5
Nazr Mohammed,OKL,Center,0,0,0,0,1,0.6,0.4,0.4,4,0.8,1.6,0.2,0,0.8,0.6,5
Elliot Williams,MEM,Shooting Guard,0.8,0.2,0.8,0,2,0.4,0.8,0.6,9.2,0.4,1.6,0.2,0.2,0.8,0.2,5
Coty Clarke,BOS,Small Forward,0.5,0.5,0,0,1,0.5,0,0,2,0,1.5,0,0,0.2,0.2,4
Th Antetokounmpo,NYK,Small Forward,0.3,0,0,0,1.3,1,0,0,2.3,0.7,2,0,0,0.3,0,3
Sam Dekker,HOU,Small Forward,0,0,0,0,0,0,0,0,2.3,0,0,0,0.3,0.3,0,3
Jodie Meeks,DET,Shooting Guard,3,1.3,1,0,6.7,2.3,1.3,1.3,14.7,0.7,7.3,0.3,0,1.7,0.3,3
Jordan Adams,MEM,Shooting Guard,0.5,0,1.5,0,3,1,2.5,1.5,7.5,1,3.5,0,1.5,1,1,2
Chuck Hayes,HOU,Power Forward,0,0,1,0,1,0.5,1,1,12,3,2,0,0,4,1.5,2
Nate Robinson,NOR,Point Guard,0.5,0,2,0,0.5,0,0,0,11.5,2.5,0,0,0.5,0,0,2
Rakeem Christmas,IND,Power Forward,0,0,0,0,2,2,0,0,6,1,4,1,0,1,0,1
Duje Dukan,SAC,Power Forward,5,2,1,0,10,2,0,0,24,2,6,2,1,4,0,1
Dahntay Jones,CLE,Shooting Guard,2,1,2,2,14,6,0,0,42,6,13,1,1,5,0,1
J.J. O'brien,UTA,Small Forward,0,0,0,0,1,0,0,0,2,0,0,0,0,0,0,1